{
  "observable": "Primary Lund jet plane density",
  "data_fraction": 1.0,
  "sqrt_s_gev": 91.2,
  "experiment": "ALEPH",
  "correction_method": "bin_by_bin",
  "correction_source": "Full MC (40 files, Phase 3)",
  "bin_edges_x": [
    0.0,
    0.5,
    1.0,
    1.5,
    2.0,
    2.5,
    3.0,
    3.5,
    4.0,
    4.5,
    5.0
  ],
  "bin_edges_y": [
    -3.0,
    -2.3,
    -1.6,
    -0.9000000000000004,
    -0.20000000000000018,
    0.5,
    1.1999999999999993,
    1.8999999999999995,
    2.5999999999999996,
    3.3,
    4.0
  ],
  "bin_labels_x": "ln(1/Delta_theta)",
  "bin_labels_y": "ln(k_T/GeV)",
  "n_events_raw": 3050610,
  "n_events_selected": 2868384,
  "n_events_hemi_cut": 2846194,
  "n_hemispheres_data": 5692388,
  "n_hemispheres_corrected": 7643440.321874718,
  "n_populated_bins": 58,
  "integral_rho_dA": 4.510188656469817,
  "rho_corrected_bbb": [
    [
      0.0,
      0.1523093576485693,
      0.47792432783390454,
      0.5380910988523178,
      0.37245887335520433,
      0.2074539629081911,
      0.1347456114264204,
      0.06417190166040407,
      0.007258391951528741,
      0.0
    ],
    [
      0.01850324038371843,
      0.2513954649281826,
      0.5199263064788164,
      0.6083927289354201,
      0.4179570033868787,
      0.21466079953371076,
      0.09358557719912663,
      0.014251692882877916,
      0.0,
      0.0
    ],
    [
      0.07059579521820206,
      0.2656452693613677,
      0.5597405800015983,
      0.6792635558303365,
      0.4821531926165269,
      0.2061559390034977,
      0.03338928821876222,
      0.00035137505790789714,
      0.0,
      0.0
    ],
    [
      0.09168974405683,
      0.28449997586967324,
      0.5862737585498309,
      0.7151726388329774,
      0.4632119791739476,
      0.11144254649058603,
      0.0028067553906760655,
      0.0,
      0.0,
      0.0
    ],
    [
      0.11242525041918408,
      0.31378139998597915,
      0.5945705848689361,
      0.616479540561115,
      0.26204198302545967,
      0.015216721806299538,
      0.0,
      0.0,
      0.0,
      0.0
    ],
    [
      0.13786651090226298,
      0.3227577444102568,
      0.4763947495077931,
      0.308511464258674,
      0.04697717497352467,
      2.306900076234221e-05,
      0.0,
      0.0,
      0.0,
      0.0
    ],
    [
      0.1393447844438759,
      0.24757414073210168,
      0.22993704667278295,
      0.05688756881519664,
      0.00043942823049000757,
      0.0,
      0.0,
      0.0,
      0.0,
      0.0
    ],
    [
      0.09970711989961825,
      0.11543535354236804,
      0.04747135292712407,
      0.0017701975945754913,
      0.0,
      0.0,
      0.0,
      0.0,
      0.0,
      0.0
    ],
    [
      0.04853430793747244,
      0.027485827735192637,
      0.0027936549166268252,
      0.0,
      0.0,
      0.0,
      0.0,
      0.0,
      0.0,
      0.0
    ],
    [
      0.013786809817476037,
      0.002554554122118838,
      6.230054218225131e-06,
      0.0,
      0.0,
      0.0,
      0.0,
      0.0,
      0.0,
      0.0
    ]
  ],
  "stat_uncertainty": [
    [
      0.0,
      0.0003184569868379916,
      0.0005177443692469891,
      0.0005368433145710756,
      0.0004525961677854007,
      0.0003325483888682045,
      0.00026558039781257955,
      0.00020292835639197258,
      0.00012716420377333667,
      0.0
    ],
    [
      0.00010400167935965468,
      0.000378718881577994,
      0.0005142265821834075,
      0.0005646093689336005,
      0.00046739034316955027,
      0.0003330484936900108,
      0.00022688096015910058,
      0.0001117032818411895,
      0.0,
      0.0
    ],
    [
      0.0001857096160548072,
      0.00036212733537687364,
      0.0005329857219294183,
      0.0005891497101975075,
      0.0004955014317794048,
      0.0003293188046475856,
      0.00014675227989071642,
      2.9591118003199495e-05,
      0.0,
      0.0
    ],
    [
      0.0001999035926983392,
      0.00037254910944930245,
      0.0005468093803359874,
      0.0006035476479982104,
      0.000491047305197669,
      0.0002522293072389036,
      4.898567807470847e-05,
      0.0,
      0.0,
      0.0
    ],
    [
      0.00022302909959752244,
      0.00040041088921651354,
      0.0005536566979202201,
      0.0005668416127129921,
      0.0003796111578874117,
      9.900628578499005e-05,
      0.0,
      0.0,
      0.0,
      0.0
    ],
    [
      0.00026327235733305794,
      0.0004121050837103129,
      0.0005064591355340133,
      0.0004101672158601011,
      0.00016678298651925,
      3.8448334603903685e-06,
      0.0,
      0.0,
      0.0,
      0.0
    ],
    [
      0.00027091172795369286,
      0.0003680432592105822,
      0.0003631545271103866,
      0.0001845414227131081,
      1.627511964777806e-05,
      0.0,
      0.0,
      0.0,
      0.0,
      0.0
    ],
    [
      0.0002336849965418651,
      0.0002583008790646909,
      0.00016868530233486132,
      3.4213504444599006e-05,
      0.0,
      0.0,
      0.0,
      0.0,
      0.0,
      0.0
    ],
    [
      0.00016976161353993459,
      0.00013076633879519108,
      4.0500514512098354e-05,
      0.0,
      0.0,
      0.0,
      0.0,
      0.0,
      0.0,
      0.0
    ],
    [
      9.341248789924448e-05,
      4.0681946071930106e-05,
      1.970116127593111e-06,
      0.0,
      0.0,
      0.0,
      0.0,
      0.0,
      0.0,
      0.0
    ]
  ],
  "corrected_counts": [
    [
      0.0,
      407458.61997746903,
      1278545.1273596878,
      1439503.5206333885,
      996403.5097951195,
      554981.6947588089,
      360472.0138503276,
      171672.93523887912,
      19417.68,
      0.0
    ],
    [
      49499.944771988936,
      672534.1816789792,
      1390908.9933702517,
      1627574.730558135,
      1118120.2943740191,
      574261.4537386401,
      250360.52100840336,
      38126.18741258741,
      0.0,
      0.0
    ],
    [
      188858.16170396566,
      710655.3171031816,
      1497420.3016408149,
      1817168.6581347578,
      1289858.2038180265,
      551509.2158706472,
      89323.1611614943,
      940.0,
      0.0,
      0.0
    ],
    [
      245288.7803892216,
      761095.5054971254,
      1568401.9700148865,
      1913232.784665134,
      1239186.5917177403,
      298131.5586964898,
      7508.643564356435,
      0.0,
      0.0,
      0.0
    ],
    [
      300760.492287799,
      839429.291717496,
      1590597.6739057507,
      1649208.6022774698,
      701015.7906782833,
      40707.83675735702,
      0.0,
      0.0,
      0.0,
      0.0
    ],
    [
      368821.0569632881,
      863442.8452379416,
      1274453.1931310447,
      825331.1379863761,
      125673.53169014085,
      61.71428571428571,
      0.0,
      0.0,
      0.0,
      0.0
    ],
    [
      372775.7404214418,
      662311.359473831,
      615128.5329110381,
      152185.8580534239,
      1175.5602094240837,
      0.0,
      0.0,
      0.0,
      0.0,
      0.0
    ],
    [
      266736.8972165588,
      308813.1325424597,
      126995.55858399392,
      4735.639885222382,
      0.0,
      0.0,
      0.0,
      0.0,
      0.0,
      0.0
    ],
    [
      129839.18019924639,
      73530.19939694583,
      7473.597122302158,
      0.0,
      0.0,
      0.0,
      0.0,
      0.0,
      0.0,
      0.0
    ],
    [
      36882.5303241201,
      6833.953693495038,
      16.666666666666668,
      0.0,
      0.0,
      0.0,
      0.0,
      0.0,
      0.0,
      0.0
    ]
  ],
  "comparison_to_expected": {
    "chi2_diag": 4.692208934160746,
    "chi2_cov": 4693.093414722923,
    "ndf": 58,
    "chi2_ndf_diag": 0.08090015403725424,
    "chi2_ndf_cov": 80.91540370211936,
    "p_value_diag": 1.0,
    "p_value_cov": 0.0,