{
  "observable": "Primary Lund jet plane density",
  "sqrt_s_gev": 91.2,
  "correction_method_primary": "bin_by_bin",
  "correction_method_secondary": "iterative_bayesian_unfolding (cross-check only, formally downscoped [D])",
  "bin_edges_x": [
    0.0,
    0.5,
    1.0,
    1.5,
    2.0,
    2.5,
    3.0,
    3.5,
    4.0,
    4.5,
    5.0
  ],
  "bin_edges_y": [
    -3.0,
    -2.3,
    -1.6,
    -0.9000000000000004,
    -0.20000000000000018,
    0.5,
    1.1999999999999993,
    1.8999999999999995,
    2.5999999999999996,
    3.3,
    4.0
  ],
  "bin_area": 0.3500000000000001,
  "n_hemispheres_genBefore": 1936712.0,
  "rho_corrected_bbb": [
    [
      0.0,
      0.15395459639105566,
      0.4970663091436855,
      0.5737456059548346,
      0.3626381797013258,
      0.1834818127689757,
      0.13021332768409252,
      0.0676935223940664,
      0.007253825777178757,
      0.0
    ],
    [
      0.019173881152327092,
      0.2514526829861272,
      0.5404210848076533,
      0.6457940792730889,
      0.42454575442443526,
      0.20106094393856327,
      0.09118694836550664,
      0.014823355991273572,
      0.0,
      0.0
    ],
    [
      0.07142001495317836,
      0.26600606742620625,
      0.5715312491332879,
      0.7157255625587517,
      0.5078400918670405,
      0.20313367633981122,
      0.030595300547673426,
      0.00044257631343372524,
      0.0,
      0.0
    ],
    [
      0.09192014979142853,
      0.2826484120656924,
      0.5962786413261237,
      0.7440961795042317,
      0.48236097350266094,
      0.11110288247002427,
      0.002385486329407779,
      0.0,
      0.0,
      0.0
    ],
    [
      0.1134337843874419,
      0.31407723133699933,
      0.6004639379968286,
      0.6210289840277158,
      0.2550862345194181,
      0.01373609351460472,
      0.0,
      0.0,
      0.0,
      0.0
    ],
    [
      0.13922418142560317,
      0.321959515479254,
      0.4736820519962256,
      0.30172197592030786,
      0.042475524054612725,
      1.770305253734901e-05,
      0.0,
      0.0,
      0.0,
      0.0
    ],
    [
      0.1405710886728198,
      0.23999290697694997,
      0.21833912321501592,
      0.05634143995449134,
      0.0004543783484586246,
      0.0,
      0.0,
      0.0,
      0.0,
      0.0
    ],
    [
      0.09753644320890248,
      0.10690873427305067,
      0.04357016280317214,
      0.0018189886482126109,
      0.0,
      0.0,
      0.0,
      0.0,
      0.0,
      0.0
    ],
    [
      0.04539947823203154,
      0.025243077663881577,
      0.0028988748529909006,
      0.0,
      0.0,
      0.0,
      0.0,
      0.0,
      0.0,
      0.0
    ],
    [
      0.012561791029627236,
      0.0023190998823927203,
      1.4752543781124176e-05,
      0.0,
      0.0,
      0.0,
      0.0,
      0.0,
      0.0,
      0.0
    ]
  ],
  "stat_uncertainty": [
    [
      0.0,
      0.0004711681901393528,
      0.0008246406222287861,
      0.0009155729551785598,
      0.0007708950779213911,
      0.0005082401005136787,
      0.0004290008072408365,
      0.00030393242873889885,
      0.00010529960062300609,
      0.0
    ],
    [
      0.00016315265689672897,
      0.0005844532272950928,
      0.0008813237051447114,
      0.0009719809480941199,
      0.000783508343801665,
      0.0005423470488842671,
      0.00036124380361519687,
      0.00014851105407996882,
      0.0,
      0.0
    ],
    [
      0.0003332041052929781,
      0.0006071441192960646,
      0.0008376230546937214,
      0.0009594802891512438,
      0.0007988092542027912,
      0.0005322982687226018,
      0.0002173990871362471,
      2.6336099721095917e-05,
      0.0,
      0.0
    ],
    [
      0.0003641899123532423,
      0.0006068802710895242,
      0.0009177646030946021,
      0.0010520124668635345,
      0.0008000363032162965,
      0.0003999367008613923,
      6.330136765098702e-05,
      0.0,
      0.0,
      0.0
    ],
    [
      0.0004138740462437455,
      0.0007087947156150488,
      0.0009018268070828832,
      0.0008651257058422569,
      0.0005873855003401607,
      0.0001402324922906679,
      0.0,
      0.0,
      0.0,
      0.0
    ],
    [
      0.0004300872880995039,
      0.0006487321837401639,
      0.0007811504980306254,
      0.0006679140157330516,
      0.00025402801482040543,
      4.894501569488864e-06,
      0.0,
      0.0,
      0.0,
      0.0
    ],
    [
      0.0004436473413341703,
      0.0005859158997543769,
      0.0005567759585447428,
      0.0002830999983089112,
      2.6071591012512294e-05,
      0.0,
      0.0,
      0.0,
      0.0,
      0.0
    ],
    [
      0.00037709919957812376,
      0.0003761317061650896,
      0.0002358686126664585,
      5.5232529968751395e-05,
      0.0,
      0.0,
      0.0,
      0.0,
      0.0,
      0.0
    ],
    [
      0.00026778810354389517,
      0.000183397613896536,
      6.33145706438862e-05,
      0.0,
      0.0,
      0.0,
      0.0,
      0.0,
      0.0,
      0.0
    ],
    [
      0.00015218732543808053,
      5.4353373206063194e-05,
      4.59764186513367e-06,
      0.0,
      0.0,
      0.0,
      0.0,
      0.0,
      0.0,
      0.0
    ]
  ],
  "total_uncertainty": [
    [
      0.0,
      0.02288607554725455,
      0.04933831959888827,
      0.04888634175796871,
      0.025889476583644083,
      0.01057618731164491,
      0.005660733401563579,
      0.002032688416312792,
      0.00025117033111806184,
      0.0
    ],
    [
      0.00507052946141485,
      0.025148934807069864,
      0.046033913190895136,
      0.04594532492023616,
      0.02432310978177454,
      0.008759098574389633,
      0.0026788576007557613,
      0.0003838001710573715,
      0.0,
      0.0
    ],
    [
      0.0077411396537651125,
      0.022699677648500373,
      0.040601023822697556,
      0.04083391893520841,
      0.021921226194960775,
      0.006002867511601835,
      0.0007751472316548325,
      8.2706904806752e-05,
      0.0,
      0.0
    ],
    [
      0.00787275124684697,
      0.020140133497574663,
      0.03398927941374874,
      0.03194320263686361,
      0.014021860430332976,
      0.0018937193286776043,
      7.207570369228504e-05,
      0.0,
      0.0,
      0.0
    ],
    [
      0.00808162762698781,
      0.017920745306917268,
      0.025749529900429387,
      0.017930311937931317,
      0.004236471568932258,
      0.00024160115896795767,
      0.0,
      0.0,
      0.0,
      0.0
    ],
    [
      0.007977506994345221,
      0.013823648306279284,
      0.013694156022007208,
      0.004627159898981322,
      0.00045410775059823,
      5.1944856401640775e-06,
      0.0,
      0.0,
      0.0,
      0.0
    ],
    [
      0.006060855429474075,
      0.006955945937472771,
      0.0034193516965415087,
      0.0004601028218070055,
      2.7939363690748614e-05,
      0.0,
      0.0,
      0.0,
      0.0,
      0.0
    ],
    [
      0.002837543143277404,
      0.0016799216122821538,
      0.0006128001341149738,
      8.619746676492822e-05,
      0.0,
      0.0,
      0.0,
      0.0,
      0.0,
      0.0
    ],
    [
      0.0007647034006598058,
      0.0004149622965481122,
      8.078112734531318e-05,
      0.0,
      0.0,
      0.0,
      0.0,
      0.0,
      0.0,
      0.0
    ],
    [
      0.00017854913005991633,
      0.00022884109255548517,
      6.835178851580364e-06,
      0.0,
      0.0,
      0.0,
      0.0,
      0.0,
      0.0,
      0.0
    ]
  ]
}