{
  "observable": "Primary Lund jet plane density",
  "data_fraction": 0.1,
  "subsample_seed": 42,
  "sqrt_s_gev": 91.2,
  "correction_method": "bin_by_bin",
  "correction_source": "Full MC (40 files, Phase 3)",
  "bin_edges_x": [
    0.0,
    0.5,
    1.0,
    1.5,
    2.0,
    2.5,
    3.0,
    3.5,
    4.0,
    4.5,
    5.0
  ],
  "bin_edges_y": [
    -3.0,
    -2.3,
    -1.6,
    -0.9000000000000004,
    -0.20000000000000018,
    0.5,
    1.1999999999999993,
    1.8999999999999995,
    2.5999999999999996,
    3.3,
    4.0
  ],
  "bin_area": 0.35,
  "n_events_raw": 3050610,
  "n_events_subsample": 305058,
  "n_events_selected": 286927,
  "n_hemispheres_data": 569472,
  "n_hemispheres_corrected": 764657.1609276527,
  "rho_corrected_bbb": [
    [
      0.0,
      0.15183765792694484,
      0.48153320455039306,
      0.5360590265405618,
      0.37286819554006945,
      0.20737700291144187,
      0.13510536078068336,
      0.06417705417067025,
      0.007371221288268859,
      0.0
    ],
    [
      0.0186166186994995,
      0.25212115473699803,
      0.5206686435823639,
      0.6065482107385927,
      0.4167163810256974,
      0.21361579012911946,
      0.09393981503008969,
      0.013687504613899337,
      0.0,
      0.0
    ],
    [
      0.07023140441200396,
      0.2667340888203971,
      0.5607258457499125,
      0.6820005390263144,
      0.48276609486644095,
      0.20705222219999053,
      0.03283661252297975,
      0.00039856019185405815,
      0.0,
      0.0
    ],
    [
      0.09161821583222722,
      0.28606439710152903,
      0.5849004091173912,
      0.717480444065971,
      0.4622251287168697,
      0.11067562161146857,
      0.0026577626308466017,
      0.0,
      0.0,
      0.0
    ],
    [
      0.11183965029689555,
      0.31300170212167533,
      0.5940096531463086,
      0.6158535431815352,
      0.2603674691493162,
      0.015035346447693264,
      0.0,
      0.0,
      0.0,
      0.0
    ],
    [
      0.13765175299681118,
      0.3216888209541886,
      0.4763718889508684,
      0.30778824843858216,
      0.04716746567651193,
      1.921629496439211e-05,
      0.0,
      0.0,
      0.0,
      0.0
    ],
    [
      0.14002427668738304,
      0.24714789501760723,
      0.23062317368964647,
      0.05787736650868626,
      0.0004157494043168738,
      0.0,
      0.0,
      0.0,
      0.0,
      0.0
    ],
    [
      0.10040536949471154,
      0.11680239854791044,
      0.047465694056081566,
      0.001738406121604763,
      0.0,
      0.0,
      0.0,
      0.0,
      0.0,
      0.0
    ],
    [
      0.048795178924913585,
      0.026914881985430426,
      0.002564790389283867,
      0.0,
      0.0,
      0.0,
      0.0,
      0.0,
      0.0,
      0.0
    ],
    [
      0.013602122201829773,
      0.0024090920262525876,
      0.0,
      0.0,
      0.0,
      0.0,
      0.0,
      0.0,
      0.0,
      0.0
    ]
  ],
  "stat_uncertainty": [
    [
      0.0,
      0.0010052829017568946,
      0.001643084863148738,
      0.0016940920770253424,
      0.0014317277407237016,
      0.0010511999625355316,
      0.0008407871249562639,
      0.000641610159212206,
      0.00040515896429217543,
      0.0
    ],
    [
      0.000329820706778334,
      0.0011990959658939075,
      0.0016269544668681896,
      0.0017823779276745816,
      0.0014755206017929045,
      0.0010504099765591731,
      0.0007186699727857602,
      0.0003461034307171283,
      0.0,
      0.0
    ],
    [
      0.0005856278352823981,
      0.0011472566574688124,
      0.0016865861321968877,
      0.001866422364399012,
      0.0015675876404282355,
      0.001043445120656118,
      0.0004601204227728248,
      9.964004796351454e-05,
      0.0,
      0.0
    ],
    [
      0.0006317746469891371,
      0.0011810964852432297,
      0.001726782944161646,
      0.0019112707352954817,
      0.001550855292580562,
      0.0007947070722651025,
      0.00015070789234966416,
      0.0,
      0.0,
      0.0
    ],
    [
      0.0007032966666366858,
      0.0012643773014921085,
      0.0017496317829456525,
      0.0017912333753712945,
      0.0011963491650151877,
      0.0003111501374775816,
      0.0,
      0.0,
      0.0,
      0.0
    ],
    [
      0.0008317212594859482,
      0.0013007645129532728,
      0.001601198035091287,
      0.0012952761470513417,
      0.0005283730142680141,
      1.1094533070519036e-05,
      0.0,
      0.0,
      0.0,
      0.0
    ],
    [
      0.0008586084846556814,
      0.0011626145270164196,
      0.0011498720553242835,
      0.0005885056247355749,
      5.005034670858723e-05,
      0.0,
      0.0,
      0.0,
      0.0,
      0.0
    ],
    [
      0.0007414080088023957,
      0.0008214732116453361,
      0.0005332887432186416,
      0.0001071947136279721,
      0.0,
      0.0,
      0.0,
      0.0,
      0.0,
      0.0
    ],
    [
      0.000538163935656642,
      0.0004091182507971453,
      0.0001226905629443969,
      0.0,
      0.0,
      0.0,
      0.0,
      0.0,
      0.0,
      0.0
    ],
    [
      0.00029335091169507284,
      0.00012490560296920874,
      0.0,
      0.0,
      0.0,
      0.0,
      0.0,
      0.0,
      0.0,
      0.0
    ]
  ],
  "comparison_to_expected": {
    "chi2": 197.68443208265742,
    "ndf": 57,
    "chi2_ndf": 3.4681479312746917,
    "p_value": 0.0,
    "pull_map": [
      [
        0.0,
        -0.09240986489612486,
        -0.3146539724007851,
        -0.7704395527486585,
        0.39453901561487875,
        2.2482608035872214,
        0.8548270572624578,
        -1.649727105338437,
        0.24626845925930008,
        0.0
      ],
      [
        -0.1096704554054131,
        0.026550357292579183,
        -0.4288168238849249,
        -0.8535443096091347,
        -0.3212996574569409,
        1.4231522391659428,
        0.992530716253506,
        -2.1978222619646828,
        0.0,
        0.0
      ],
      [
        -0.15310714417214485,
        0.032030999262504925,
        -0.2659069020954737,
        -0.8250457105403499,
        -1.1409093338705494,
        0.6431351618187104,
        2.4864144081424864,
        -0.33990984402037633,
        0.0,
        0.0
      ],
      [
        -0.038228876468771184,
        0.16931993870719395,
        -0.33432826580170777,
        -0.8317331428458402,
        -1.4273286371654168,
        -0.20804323910393327,
        1.6298484705685898,
        0.0,
        0.0,
        0.0
      ],
      [
        -0.19651138190501885,
        -0.05986705583344601,
        -0.25007977742194,
        -0.28721236052421084,
        1.1996938244899944,
        3.2981324819251023,
        0.0,
        0.0,
        0.0,
        0.0
      ],
      [
        -0.19604514165925324,
        -0.019495868232191894,
        0.19509316005008956,
        1.2624828200429343,
        6.734515260765691,
        0.12352635359731541,
        0.0,
        0.0,
        0.0,
        0.0
      ],
      [
        -0.08932835930722861,
        1.0145413347712564,
        3.405127084070607,
        2.056081484217419,
        -0.6739109330999387,
        0.0,
        0.0,
        0.0,
        0.0,
        0.0
      ],
      [
        0.9782197113125148,
        5.290688057622207,
        4.795354910934732,
        -0.5858307538073735,
        0.0,
        0.0,
        0.0,
        0.0,
        0.0,
        0.0
      ],
      [
        3.6314192119477746,
        2.8689293833477683,
        -2.27428560144619,
        0.0,
        0.0,
        0.0,
        0.0,
        0.0,
        0.0,
        0.0
      ],
      [
        3.0293613908556427,
        0.34518114444719056,
        0.0,
        0.0,
        0.0,
        0.0,
        0.0,
        0.0,
        0.0,
        0.0
      ]
    ],
    "pull_mean": 0.6042058404966166,
    "pull_std": 1.7615570480641463,
    "max_abs_pull": 6.734515260765691,
    "n_bins_pull_gt_3": 7,
    "note": "chi2 computed using diagonal: sigma^2 = sigma_data_stat^2 + sigma_expected_total^2"
  },