{
  "observable": "Primary Lund jet plane density",
  "sqrt_s_gev": 91.2,
  "correction_method_primary": "bin_by_bin",
  "correction_method_secondary": "iterative_bayesian_unfolding",
  "bin_edges_x": [
    0.0,
    0.5,
    1.0,
    1.5,
    2.0,
    2.5,
    3.0,
    3.5,
    4.0,
    4.5,
    5.0
  ],
  "bin_edges_y": [
    -3.0,
    -2.3,
    -1.6,
    -0.9000000000000004,
    -0.20000000000000018,
    0.5,
    1.1999999999999993,
    1.8999999999999995,
    2.5999999999999996,
    3.3,
    4.0
  ],
  "bin_area": 0.3500000000000001,
  "n_hemispheres_genBefore": 1936712.0,
  "n_hemispheres_reco": 1442350.0,
  "rho_corrected_bbb": [
    [
      0.0,
      0.15395459639105566,
      0.4970663091436855,
      0.5737456059548346,
      0.3626381797013258,
      0.1834818127689757,
      0.13021332768409252,
      0.0676935223940664,
      0.007253825777178757,
      0.0
    ],
    [
      0.019173881152327092,
      0.2514526829861272,
      0.5404210848076533,
      0.6457940792730889,
      0.42454575442443526,
      0.20106094393856327,
      0.09118694836550664,
      0.014823355991273572,
      0.0,
      0.0
    ],
    [
      0.07142001495317836,
      0.26600606742620625,
      0.5715312491332879,
      0.7157255625587517,
      0.5078400918670405,
      0.20313367633981122,
      0.030595300547673426,
      0.00044257631343372524,
      0.0,
      0.0
    ],
    [
      0.09192014979142853,
      0.2826484120656924,
      0.5962786413261237,
      0.7440961795042317,
      0.48236097350266094,
      0.11110288247002427,
      0.002385486329407779,
      0.0,
      0.0,
      0.0
    ],
    [
      0.1134337843874419,
      0.31407723133699933,
      0.6004639379968286,
      0.6210289840277158,
      0.2550862345194181,
      0.01373609351460472,
      0.0,
      0.0,
      0.0,
      0.0
    ],
    [
      0.13922418142560317,
      0.321959515479254,
      0.4736820519962256,
      0.30172197592030786,
      0.042475524054612725,
      1.770305253734901e-05,
      0.0,
      0.0,
      0.0,
      0.0
    ],
    [
      0.1405710886728198,
      0.23999290697694997,
      0.21833912321501592,
      0.05634143995449134,
      0.0004543783484586246,
      0.0,
      0.0,
      0.0,
      0.0,
      0.0
    ],
    [
      0.09753644320890248,
      0.10690873427305067,
      0.04357016280317214,
      0.0018189886482126109,
      0.0,
      0.0,
      0.0,
      0.0,
      0.0,
      0.0
    ],
    [
      0.04539947823203154,
      0.025243077663881577,
      0.0028988748529909006,
      0.0,
      0.0,
      0.0,
      0.0,
      0.0,
      0.0,
      0.0
    ],
    [
      0.012561791029627236,
      0.0023190998823927203,
      1.4752543781124176e-05,
      0.0,
      0.0,
      0.0,
      0.0,
      0.0,
      0.0,
      0.0
    ]
  ],
  "rho_corrected_ibu": [
    [
      0.0,
      0.11632250275629386,
      0.45262957765452194,
      0.5287575680061142,
      0.32789680756066436,
      0.1611353621024116,
      0.11768636952222937,
      0.05365680193933708,
      0.0017760140119762254,
      0.0
    ],
    [
      0.004391898298615808,
      0.20816047496701615,
      0.475253076590554,
      0.5781754953707741,
      0.37087241490345946,
      0.16833882148447438,
      0.0716576451832206,
      0.00407917459504231,
      0.0,
      0.0
    ],
    [
      0.06228962429836595,
      0.24336940267884904,
      0.5298988323576903,
      0.6686991271168694,
      0.4671322580411067,
      0.17743204834157178,
      0.019197438000237425,
      4.228955391330608e-05,
      0.0,
      0.0
    ],
    [
      0.09645227952904144,
      0.2633927348469962,
      0.555320970957618,
      0.6960923453718522,
      0.4430686330281648,
      0.0882264897022847,
      8.09447707902396e-05,
      0.0,
      0.0,
      0.0
    ],
    [
      0.11565320437740138,
      0.2834406934996827,
      0.5570040716845425,
      0.576925310732229,
      0.2180831887626484,
      0.002259226411485137,
      0.0,
      0.0,
      0.0,
      0.0
    ],
    [
      0.12367694897676995,
      0.2886189680464498,
      0.4354100376566134,
      0.262230252895761,
      0.02042444510866326,
      9.137428620002404e-11,
      0.0,
      0.0,
      0.0,
      0.0
    ],
    [
      0.12497944242102527,
      0.2112979022820318,
      0.18653622740490292,
      0.03236247827535852,
      2.2150686995772443e-07,
      0.0,
      0.0,
      0.0,
      0.0,
      0.0
    ],
    [
      0.08534988987603469,
      0.08635113450438171,
      0.027469435160908752,
      2.1489704532856456e-05,
      0.0,
      0.0,
      0.0,
      0.0,
      0.0,
      0.0
    ],
    [
      0.037323782223264663,
      0.013874521251430698,
      0.00020807697801563082,
      0.0,
      0.0,
      0.0,
      0.0,
      0.0,
      0.0,
      0.0
    ],
    [
      0.009317286004614803,
      0.00017367221805906228,
      2.420882882509949e-08,
      0.0,
      0.0,
      0.0,
      0.0,
      0.0,
      0.0,
      0.0
    ]
  ],
  "rho_truth_genBefore": [
    [
      0.0,
      0.15395459639105566,
      0.4970663091436855,
      0.5737456059548346,
      0.3626381797013258,
      0.1834818127689757,
      0.13021332768409252,
      0.0676935223940664,
      0.007253825777178757,
      2.9505087562248352e-05
    ],
    [
      0.019173881152327092,
      0.2514526829861272,
      0.5404210848076533,
      0.6457940792730889,
      0.42454575442443526,
      0.20106094393856327,
      0.09118694836550664,
      0.014823355991273572,
      0.00019178306915461428,
      0.0
    ],
    [
      0.07142001495317836,
      0.26600606742620625,
      0.5715312491332879,
      0.7157255625587519,
      0.5078400918670405,
      0.20313367633981122,
      0.030595300547673426,
      0.00044257631343372524,
      0.0,
      0.0
    ],
    [
      0.09192014979142851,
      0.2826484120656924,
      0.5962786413261237,
      0.7440961795042317,
      0.48236097350266094,
      0.11110288247002427,
      0.0023854863294077793,
      0.0,
      0.0,
      0.0
    ],
    [
      0.1134337843874419,
      0.31407723133699933,
      0.6004639379968286,
      0.6210289840277158,
      0.2550862345194181,
      0.01373609351460472,
      1.4752543781124176e-06,
      0.0,
      0.0,
      0.0
    ],
    [
      0.13922418142560317,
      0.321959515479254,
      0.4736820519962256,
      0.30172197592030786,
      0.042475524054612725,
      1.770305253734901e-05,
      0.0,
      0.0,
      0.0,
      0.0
    ],
    [
      0.1405710886728198,
      0.23999290697694997,
      0.21833912321501592,
      0.05634143995449134,
      0.0004543783484586246,
      0.0,
      0.0,
      0.0,
      0.0,
      0.0
    ],
    [
      0.09753644320890248,
      0.10690873427305067,
      0.04357016280317214,
      0.0018189886482126109,
      0.0,
      0.0,
      0.0,
      0.0,
      0.0,
      0.0
    ],
    [
      0.04539947823203154,
      0.025243077663881577,
      0.0028988748529909006,
      0.0,
      0.0,
      0.0,
      0.0,
      0.0,
      0.0,
      0.0
    ],
    [
      0.012561791029627236,
      0.0023190998823927203,
      1.4752543781124176e-05,
      0.0,
      0.0,
      0.0,
      0.0,
      0.0,
      0.0,
      0.0
    ]
  ],